id,nome
1,Gustavo
2,Ronalda
3,Guthrey
4,Sherwood
5,Millard
6,Mata
7,Sibel
8,Salome
9,Christyna
10,Sigfrid
11,Cheri
12,Cicily
13,Blondy
14,Violante
15,Alex
16,Eldridge
17,Fran
18,Luis
19,Luigi
20,Mirella
21,Minor
22,Chas
23,Anitra
24,Kristofer
25,Christian
26,Timofei
27,Udall
28,Artus
29,Lissy
30,Quincy
31,Jeannine
32,Marwin
33,Brocky
34,Oran
35,Loren
36,Latrina
37,Leelah
38,Pattie
39,Huntlee
40,Twila
41,Elene
42,Coriss
43,Baryram
44,Morie
45,Kylynn
46,Raphaela
47,Carlie
48,Marsiella
49,Sherill
50,Tera
51,Harv
52,Stanleigh
53,Jasen
54,Ada
55,Germaine
56,Karyl
57,Mitchell
58,Alister
59,Wallis
60,April
61,Izaak
62,Magdalena
63,Orazio
64,Mira
65,Fernanda
66,Emmaline
67,Emerson
68,Katalin
69,Chester
70,Lura
71,Emanuel
72,Gill
73,Ruprecht
74,Rutger
75,Tamera
76,Sarajane
77,Marcela
78,Ursa
79,Leigh
80,Benyamin
81,Zelma
82,Leoline
83,Almeta
84,Robinetta
85,Chrissy
86,Charo
87,Ellery
88,Dorothy
89,Sarine
90,Mickey
91,Barton
92,Jefferey
93,Alvan
94,Alix
95,Kristoffer
96,Gabi
97,Dennie
98,Cyndie
99,Cookie
100,Marylou
101,Petr
102,Roderich
103,Monti
104,Sherwood
105,Meredithe
106,Roda
107,Sorcha
108,Jasun
109,Ike
110,Fernande
111,Pyotr
112,Bartholomeus
113,Maximo
114,Edmund
115,Roarke
116,Dalli
117,Meir
118,Melamie
119,Louisa
120,Wenonah
121,Reeta
122,Teresita
123,Wesley
124,Gina
125,Bobbie
126,Ruddie
127,Maryl
128,Jamil
129,Weider
130,Lucretia
131,Berty
132,Marylinda
133,Dorthy
134,Emmaline
135,Levy
136,Mortimer
137,Mildrid
138,Joleen
139,Shaun
140,Dulsea
141,Arlyne
142,Artemus
143,Vernor
144,Desmund
145,Doroteya
146,Essie
147,Chrisse
148,Gerhardine
149,Kassi
150,Griz
151,Roderic
152,Thea
153,Danny
154,Ludovika
155,Fredelia
156,Elvis
157,Doy
158,Derward
159,Galvin
160,Gwyn
161,Vivia
162,Nico
163,Tedra
164,Tobi
165,Beatrisa
166,Chariot
167,Catharine
168,Dael
169,Chandra
170,Tim
171,Minnnie
172,Ninon
173,Stearn
174,Edithe
175,Zach
176,Catharine
177,Sigismondo
178,Lela
179,Diane
180,Araldo
181,Alonso
182,Darcey
183,May
184,Aime
185,Terry
186,Nigel
187,Kylen
188,Jeff
189,Gunther
190,Candice
191,Lorne
192,Erasmus
193,Chiquita
194,Tobin
195,Petronille
196,Karalee
197,Boyce
198,Vincents
199,Morie
200,Hayden
201,Abelard
202,Martin
203,Rivy
204,Sayre
205,Jilleen
206,Branden
207,Nara
208,Roger
209,Barbe
210,Shelia
211,Darice
212,Graeme
213,Layney
214,Hyacinthie
215,Karna
216,Lila
217,Englebert
218,Boycie
219,Rhianon
220,Giovanna
221,Alexine
222,Lavina
223,Ritchie
224,Teddi
225,Noak
226,Desiree
227,Dunn
228,Sayre
229,Georgianne
230,Pauly
231,Shurlocke
232,Marje
233,Daveen
234,Gussi
235,Jessika
236,Rae
237,Odele
238,Marcile
239,Georgie
240,Alene
241,Carlene
242,Benedikta
243,Helaine
244,Bryant
245,Iormina
246,Sophia
247,Ginger
248,Krisha
249,Renie
250,Keene
251,Rodrigo
252,Ky
253,Franni
254,Clementia
255,Olivette
256,Alysa
257,Ranique
258,Celle
259,Alana
260,Tabbie
261,Evelina
262,Maryellen
263,Jany
264,Betteann
265,Candy
266,Koenraad
267,Juan
268,Audie
269,Edd
270,Juliet
271,Tallou
272,Bianka
273,Nicolea
274,Florrie
275,Igor
276,Gustav
277,Ransell
278,Kristal
279,Oby
280,Leila
281,Sebastiano
282,Florie
283,Rosalie
284,Helena
285,Consuelo
286,Fairfax
287,Darwin
288,Esme
289,Fina
290,Moll
291,Eugenio
292,Dehlia
293,Kurt
294,Travis
295,Odetta
296,Wenda
297,Valentina
298,Alys
299,Katheryn
300,Eulalie
301,Lonny
302,Malachi
303,Fianna
304,Farris
305,Karee
306,Orin
307,Rudiger
308,Urbanus
309,Francisco
310,Crystie
311,Raquela
312,Kristen
313,Zorine
314,Emerson
315,Clive
316,Timmi
317,Aguie
318,Vinnie
319,Denna
320,Melita
321,Nerti
322,Delora
323,Rutledge
324,Merl
325,Lucille
326,Whitney
327,Aubrette
328,Renata
329,Tye
330,Robinet
331,Isaiah
332,Hilde
333,Genny
334,Marybeth
335,Rosalinde
336,Ricky
337,Stevy
338,Zsa zsa
339,Samantha
340,Cecilio
341,Matthaeus
342,Milissent
343,Milicent
344,Kikelia
345,Olin
346,Karl
347,Antonetta
348,Miran
349,Ryan
350,Clementius
351,Malanie
352,Salomon
353,Tally
354,Feodora
355,Klement
356,Cornelle
357,Imojean
358,Stacey
359,Lil
360,Keene
361,Tammie
362,Genevra
363,Jany
364,Gladi
365,Karoly
366,Kylynn
367,Marleen
368,Lalo
369,Arden
370,Bradly
371,Gordie
372,Kayley
373,Amerigo
374,Agnese
375,Sal
376,Cleo
377,Halli
378,Bibby
379,Harri
380,Gard
381,Val
382,Sapphira
383,Letisha
384,Kit
385,Ariel
386,Mariquilla
387,Del
388,Thornie
389,Therese
390,Leda
391,Mattie
392,Lelia
393,Lucas
394,Junette
395,Kial
396,Lurlene
397,Leland
398,Penn
399,Brana
400,Gayla
401,Ariel
402,Dyane
403,Reyna
404,Aline
405,Royce
406,Inna
407,Kingsly
408,Javier
409,Wake
410,Christy
411,Carree
412,Rasia
413,Kendricks
414,Nicolis
415,Tristan
416,Wolfgang
417,Berny
418,Adelle
419,Auroora
420,Dollie
421,Mureil
422,Wilek
423,Garik
424,Giffard
425,Fianna
426,Sol
427,Rurik
428,Say
429,Joelly
430,Padraig
431,Nadeen
432,Valentine
433,Jonathon
434,Agna
435,Elfreda
436,Brig
437,Dory
438,Dorise
439,Chrysa
440,Alic
441,Harland
442,Bealle
443,Mirelle
444,Elenore
445,Bonita
446,Vinny
447,Scotti
448,Sherill
449,Phillipp
450,Dody
451,Zonnya
452,Demetris
453,Dasi
454,Alicia
455,Filberto
456,Trisha
457,Antonie
458,Jonas
459,Loella
460,Freemon
461,Ertha
462,Daveta
463,Ree
464,Horten
465,Ryann
466,Jamesy
467,Barr
468,Bryanty
469,Sonny
470,Linnell
471,Debi
472,Hamil
473,Mildred
474,Janek
475,Chuck
476,Marge
477,Sydney
478,Teddy
479,Laurie
480,Merl
481,Sarette
482,Vanessa
483,Amitie
484,Owen
485,Rickey
486,Terrel
487,Jedediah
488,Jess
489,Micki
490,Ximenes
491,Anthiathia
492,Nanine
493,Nessi
494,Rowney
495,Alexandro
496,Lindy
497,Cornie
498,Tamra
499,Selinda
500,Concettina
501,Emilie
502,Reade
503,Yank
504,Manda
505,Hamid
506,Claudio
507,Cloe
508,Winona
509,Donalt
510,Sarajane
511,Jervis
512,Benton
513,Cass
514,Lanae
515,Shirline
516,Mohandis
517,Lena
518,Pernell
519,Pietra
520,Carlita
521,Kissiah
522,Derick
523,Curtis
524,Delly
525,Kyla
526,Cullen
527,D'arcy
528,Stirling
529,Madel
530,Cheryl
531,Brianna
532,Arlene
533,Leilah
534,Melisse
535,Hank
536,Moritz
537,Gilda
538,Pamelina
539,Neila
540,Drona
541,Hermia
542,Ferd
543,Delbert
544,Vaclav
545,Margy
546,Grantley
547,Franny
548,Briano
549,Cristie
550,Edlin
551,Dianna
552,Ernestine
553,Hermia
554,Darell
555,Will
556,Orren
557,Reube
558,Sofie
559,Fredek
560,Kippie
561,Colas
562,Salmon
563,Starla
564,Nathan
565,Teodora
566,Wolfgang
567,Kirstin
568,Orly
569,Ashely
570,Pete
571,Ellsworth
572,Lora
573,Gabbie
574,Stesha
575,Dunstan
576,Erminia
577,Cherice
578,Winthrop
579,Kane
580,Latia
581,Alonzo
582,Tallia
583,Griswold
584,Regen
585,Garrot
586,Hendrika
587,Norton
588,Giffer
589,Nicolis
590,Jehanna
591,Sibilla
592,Stanleigh
593,Salomon
594,Mallorie
595,Bridgette
596,Eldin
597,Lyssa
598,Russ
599,Kylila
600,Shela
601,Garrot
602,Judon
603,Rosetta
604,Hobard
605,Pammy
606,Raddy
607,Livia
608,Amery
609,Ilise
610,Stephen
611,Cornelia
612,Renee
613,Wait
614,Maire
615,Charil
616,Indira
617,Tedman
618,Fiona
619,Roslyn
620,Grayce
621,Carmel
622,Patti
623,Lannie
624,Phillipp
625,Tomas
626,Hanni
627,Mercedes
628,Roosevelt
629,Angelita
630,Kurtis
631,Bessy
632,Cly
633,Lola
634,Marlo
635,Herminia
636,Ardelia
637,Twyla
638,Janeva
639,Stevena
640,Colet
641,Wyndham
642,Petra
643,Tremain
644,Brina
645,Tammie
646,Marti
647,Willabella
648,Min
649,Ogden
650,Joy
651,Howey
652,Graham
653,Jerry
654,Osgood
655,Libbi
656,Angy
657,Alanson
658,Suzi
659,Adrianna
660,Charissa
661,Karry
662,Lettie
663,Phineas
664,Puff
665,Selinda
666,Jaime
667,Bogart
668,Adrianne
669,Carolina
670,Brennan
671,Harmon
672,Felic
673,Agace
674,Magdalena
675,Elysha
676,Perren
677,Rafaela
678,Christean
679,Atlanta
680,Oralee
681,Garnet
682,Niven
683,Cherri
684,Fidela
685,Sibyl
686,Maiga
687,Analise
688,Allard
689,Moore
690,Rock
691,Dukey
692,Silvan
693,Maje
694,Colman
695,Mildred
696,Vince
697,Sybille
698,Janey
699,Kaitlyn
700,Julieta
701,Tonie
702,Lenna
703,Rafi
704,Leese
705,Idette
706,Bonnibelle
707,Dulcinea
708,Shalom
709,Honoria
710,Kalli
711,Jerri
712,Henrietta
713,Natty
714,Wyn
715,Leslie
716,Dallas
717,Lexine
718,Frederich
719,Barton
720,Oswell
721,Elsa
722,Alf
723,Kim
724,Gallard
725,Keir
726,Bibi
727,Sari
728,Shayla
729,Cesar
730,Minta
731,Hulda
732,Zelda
733,Bank
734,Truda
735,Delbert
736,Doris
737,Tobi
738,Doralyn
739,Cesare
740,Granger
741,Simone
742,Frazier
743,Kenon
744,Gris
745,Eugenia
746,Teddie
747,Pinchas
748,Roana
749,Deirdre
750,Stacie
751,Annabal
752,Elissa
753,Jedediah
754,Abram
755,Gunther
756,Giorgio
757,Evelina
758,Gypsy
759,Aile
760,Clemens
761,Norton
762,Zea
763,Torey
764,Boyce
765,Pip
766,Theodoric
767,Rona
768,Jesus
769,Isac
770,Westley
771,Stephan
772,Stephana
773,Maiga
774,Pieter
775,Rosalia
776,Skylar
777,Martha
778,Juline
779,Westbrooke
780,Cosette
781,Dareen
782,Fannie
783,Augustina
784,Reed
785,Kerri
786,Rufus
787,Norrie
788,Mil
789,Sarena
790,Denni
791,Aylmar
792,Derk
793,Harwell
794,Tierney
795,Stephenie
796,Pattin
797,Farrel
798,Kaycee
799,Edmon
800,Jenifer
801,Paul
802,Charlean
803,Doti
804,Gun
805,Rickey
806,Perri
807,Elroy
808,Gradeigh
809,Nert
810,Ardyce
811,Priscella
812,Merry
813,Lorelei
814,Sarette
815,Dorey
816,Morgen
817,Marys
818,Dorri
819,Christyna
820,Luz
821,Gonzales
822,Katalin
823,Cosmo
824,Rea
825,Ros
826,Berna
827,Madonna
828,Candace
829,Ingaberg
830,Winona
831,Jacenta
832,Jojo
833,Guss
834,Jermaine
835,Perice
836,Kiley
837,Jeromy
838,Ara
839,Leandra
840,Benedetta
841,Sibeal
842,Barnie
843,Tiffanie
844,Abraham
845,Mehetabel
846,Terrell
847,Gusti
848,Judith
849,Lotti
850,Laurie
851,Tiebold
852,Natassia
853,Bobine
854,Milli
855,Tedd
856,Lorelei
857,Webb
858,Lyon
859,Marj
860,Jerrie
861,Milli
862,Ansel
863,Madelaine
864,Owen
865,Bonny
866,Eachelle
867,Durante
868,Daryl
869,Rex
870,Stinky
871,Leonid
872,Christine
873,Heall
874,Romy
875,Eduard
876,Mattheus
877,Kerrie
878,Grayce
879,Belita
880,Cinderella
881,John
882,Merrily
883,Obadiah
884,Leeann
885,Hans
886,Babbie
887,Dyanna
888,Berthe
889,Locke
890,Cirilo
891,Sharlene
892,Thadeus
893,Francesco
894,Katha
895,Antonella
896,Martelle
897,Luciano
898,Adrienne
899,Jazmin
900,Lonnie
901,Andriana
902,Cyrill
903,Dory
904,Bud
905,Becca
906,Filide
907,Stanfield
908,Stevana
909,Field
910,Honoria
911,Dorthy
912,Maxy
913,Merv
914,Derek
915,Akim
916,Kathrine
917,Elisa
918,Lyman
919,Reube
920,Valdemar
921,Patrick
922,Avie
923,Hamnet
924,Cathleen
925,Valentijn
926,Sallie
927,Lilyan
928,Devonna
929,Sollie
930,Hurley
931,Drew
932,Thorin
933,Eddi
934,Fan
935,Gherardo
936,Alasdair
937,Darcie
938,Arnold
939,Rik
940,Chas
941,Evvy
942,Brena
943,Heidie
944,Haily
945,Adolphus
946,Ivett
947,Shepherd
948,Emlyn
949,Hailey
950,Elliott
951,Siegfried
952,Angil
953,Lorraine
954,Adda
955,Emelia
956,Inessa
957,Babita
958,Herculie
959,Florette
960,Ralph
961,Antony
962,Felicity
963,Fionna
964,Ingeborg
965,Querida
966,Byron
967,Emery
968,Edie
969,Lauralee
970,Galven
971,Vania
972,Courtnay
973,Hobard
974,Almeria
975,Joseito
976,Howey
977,Irv
978,Rufus
979,Clara
980,Shepard
981,Reinald
982,Emlen
983,Trixi
984,Rhianon
985,Jennie
986,Conn
987,Lynde
988,Cymbre
989,Wallace
990,Laurent
991,Mercy
992,Lorry
993,Tanney
994,Alex
995,Samantha
996,Minda
997,Sheelagh
998,Berkly
999,Aloise
1000,Reginauld
1001,Missie
